Filename,Count,Paths
"._.DS_Store",2,"./._.DS_Store | ./features/._.DS_Store"
"1.png",2,"./assets/images/orthodox/banners/1.png | ./features/devel-tools/om-magic-image/avatar/1.png"
"AIContentGenerator.tsx",2,"./features/admin/ai/AIContentGenerator.tsx | ./features/cms/ai/AIContentGenerator.tsx"
"Address.tsx",2,"./components/frontend-pages/contact/form/Address.tsx | ./features/records-centralized/components/Address.tsx"
"AdminErrorBoundary.tsx",2,"./components/ErrorBoundary/AdminErrorBoundary.tsx | ./features/admin/ErrorBoundary/AdminErrorBoundary.tsx"
"AdminWelcomeCard.tsx",3,"./components/dashboards/orthodoxmetrics/AdminWelcomeCard.tsx | ./features/admin/dashboards/orthodoxmetrics/AdminWelcomeCard.tsx | ./features/dashboards/orthodoxmetrics/AdminWelcomeCard.tsx"
"AdvancedGridDialog.tsx",2,"./components/AdvancedGridDialog.tsx | ./features/tables/AdvancedGridDialog.tsx"
"AuditLogFeed.tsx",3,"./components/dashboards/orthodoxmetrics/AuditLogFeed.tsx | ./features/admin/dashboards/orthodoxmetrics/AuditLogFeed.tsx | ./features/dashboards/orthodoxmetrics/AuditLogFeed.tsx"
"AuthContext.tsx",2,"./context/AuthContext.tsx | ./features/records-centralized/context/AuthContext.tsx"
"AuthForgotPassword.tsx",2,"./features/auth/authentication/authForms/AuthForgotPassword.tsx | ./features/authentication/authForms/AuthForgotPassword.tsx"
"AuthLogin.tsx",2,"./features/auth/authentication/authForms/AuthLogin.tsx | ./features/authentication/authForms/AuthLogin.tsx"
"AuthRedirect.tsx",2,"./components/auth/AuthRedirect.tsx | ./features/auth/auth/AuthRedirect.tsx"
"AuthRegister.tsx",2,"./features/auth/authentication/authForms/AuthRegister.tsx | ./features/authentication/authForms/AuthRegister.tsx"
"AuthSocialButtons.tsx",2,"./features/auth/authentication/authForms/AuthSocialButtons.tsx | ./features/authentication/authForms/AuthSocialButtons.tsx"
"AuthTwoSteps.tsx",2,"./features/auth/authentication/authForms/AuthTwoSteps.tsx | ./features/authentication/authForms/AuthTwoSteps.tsx"
"AuthenticationComponent.tsx",2,"./components/AuthenticationComponent.tsx | ./features/auth/AuthenticationComponent.tsx"
"Banner.tsx",4,"./components/frontend-pages/homepage/banner/Banner.tsx | ./components/frontend-pages/portfolio/Banner.tsx | ./components/frontend-pages/pricing/Banner.tsx | ./features/landingpage/banner/Banner.tsx"
"BaptismRecordViewerMagnifier.tsx",2,"./components/frontend-pages/homepage/baptism-record-viewer/BaptismRecordViewerMagnifier.tsx | ./features/records-centralized/components/baptism/BaptismRecordViewerMagnifier.tsx"
"BasicIcons.tsx",3,"./components/forms/form-horizontal/BasicIcons.tsx | ./components/forms/form-vertical/BasicIcons.tsx | ./features/records-centralized/components/BasicIcons.tsx"
"BasicIconsCode.tsx",3,"./components/forms/form-horizontal/code/BasicIconsCode.tsx | ./components/forms/form-vertical/code/BasicIconsCode.tsx | ./features/records-centralized/components/BasicIconsCode.tsx"
"BasicLayout.tsx",2,"./components/forms/form-horizontal/BasicLayout.tsx | ./components/forms/form-vertical/BasicLayout.tsx"
"BasicLayoutCode.tsx",2,"./components/forms/form-horizontal/code/BasicLayoutCode.tsx | ./components/forms/form-vertical/code/BasicLayoutCode.tsx"
"BlankCard.tsx",2,"./components/shared/BlankCard.tsx | ./shared/ui/BlankCard.tsx"
"Blog.tsx",2,"./features/apps/blog/Blog.tsx | ./features/pages/frontend-pages/Blog.tsx"
"BlogPost.tsx",2,"./features/apps/blog/BlogPost.tsx | ./features/pages/frontend-pages/BlogPost.tsx"
"BuildConsole.tsx",2,"./features/admin/admin/BuildConsole.tsx | ./features/devel-tools/om-build-console/BuildConsole.tsx"
"ChatContent.tsx",2,"./components/apps/chats/ChatContent.tsx | ./features/cms/apps/chats/ChatContent.tsx"
"ChatSidebar.tsx",2,"./components/apps/chat/ChatSidebar.tsx | ./components/apps/chats/ChatSidebar.tsx"
"ChatWindow.tsx",2,"./components/apps/chat-ai/ChatWindow.tsx | ./components/apps/chat/ChatWindow.tsx"
"ChurchForm.tsx",2,"./features/church/apps/church-management/ChurchForm.tsx | ./features/records-centralized/components/forms/ChurchForm.tsx"
"ChurchManagement.tsx",2,"./features/admin/admin/ChurchManagement.tsx | ./features/church/ChurchManagement/ChurchManagement.tsx"
"ChurchRecordsContext.tsx",2,"./context/ChurchRecordsContext.tsx | ./features/records-centralized/components/records/ChurchRecordsContext.tsx"
"ChurchRecordsProvider.tsx",2,"./context/ChurchRecordsProvider.tsx | ./features/records-centralized/components/records/ChurchRecordsProvider.tsx"
"ChurchSetupWizard.tsx",2,"./features/church/apps/church-management/ChurchSetupWizard.tsx | ./features/devel-tools/om-church-wizard/ChurchSetupWizard.tsx"
"CollapsibleForm.tsx",3,"./components/forms/form-horizontal/CollapsibleForm.tsx | ./components/forms/form-vertical/CollapsibleForm.tsx | ./features/records-centralized/components/forms/CollapsibleForm.tsx"
"ColorLabel.tsx",2,"./components/forms/form-elements/radio/ColorLabel.tsx | ./features/records-centralized/components/ColorLabel.tsx"
"Colors.tsx",4,"./components/forms/form-elements/checkbox/Colors.tsx | ./components/forms/form-elements/radio/Colors.tsx | ./components/forms/form-elements/switch/Colors.tsx | ./features/records-centralized/components/Colors.tsx"
"ColorsCode.tsx",2,"./components/forms/form-elements/button/code/ColorsCode.tsx | ./features/records-centralized/components/ColorsCode.tsx"
"Contact.tsx",2,"./components/frontend-pages/shared/leadership/Contact.tsx | ./features/pages/frontend-pages/Contact.tsx"
"Custom.tsx",4,"./components/forms/form-elements/checkbox/Custom.tsx | ./components/forms/form-elements/radio/Custom.tsx | ./components/forms/form-elements/switch/Custom.tsx | ./features/records-centralized/components/Custom.tsx"
"CustomFormLabel.tsx",2,"./components/forms/theme-elements/CustomFormLabel.tsx | ./features/records-centralized/components/forms/CustomFormLabel.tsx"
"CustomRangeSlider.tsx",2,"./components/forms/theme-elements/CustomRangeSlider.tsx | ./features/records-centralized/components/CustomRangeSlider.tsx"
"CustomSlider.tsx",2,"./components/forms/theme-elements/CustomSlider.tsx | ./features/records-centralized/components/CustomSlider.tsx"
"CustomSliderCode.tsx",2,"./components/forms/form-elements/slider/code/CustomSliderCode.tsx | ./features/records-centralized/components/CustomSliderCode.tsx"
"Customers.tsx",2,"./components/dashboards/modern/Customers.tsx | ./features/admin/dashboards/modern/Customers.tsx"
"DashboardCard.tsx",2,"./components/shared/DashboardCard.tsx | ./shared/ui/DashboardCard.tsx"
"DatabaseStatus.tsx",4,"./components/dashboards/orthodoxmetrics/DatabaseStatus.tsx | ./features/admin/dashboards/orthodoxmetrics/DatabaseStatus.tsx | ./features/dashboards/orthodoxmetrics/DatabaseStatus.tsx | ./features/records-centralized/components/records/DatabaseStatus.tsx"
"Default.tsx",4,"./components/forms/form-elements/checkbox/Default.tsx | ./components/forms/form-elements/radio/Default.tsx | ./components/forms/form-elements/switch/Default.tsx | ./features/records-centralized/components/Default.tsx"
"DefaultCode.tsx",2,"./components/forms/form-elements/button/code/DefaultCode.tsx | ./features/records-centralized/components/DefaultCode.tsx"
"DefaultColors.tsx",2,"./components/forms/form-elements/checkbox/DefaultColors.tsx | ./theme/DefaultColors.tsx"
"DefaultLabel.tsx",2,"./components/forms/form-elements/switch/DefaultLabel.tsx | ./features/records-centralized/components/DefaultLabel.tsx"
"DefaultsliderCode.tsx",2,"./components/forms/form-elements/slider/code/DefaultsliderCode.tsx | ./features/records-centralized/components/DefaultsliderCode.tsx"
"DifferentDesignCode.tsx",2,"./components/forms/form-elements/date-time/code/DifferentDesignCode.tsx | ./features/records-centralized/components/DifferentDesignCode.tsx"
"DisabledSliderCode.tsx",2,"./components/forms/form-elements/slider/code/DisabledSliderCode.tsx | ./features/records-centralized/components/DisabledSliderCode.tsx"
"DiscreteSlider.tsx",2,"./components/forms/form-elements/slider/DiscreteSlider.tsx | ./features/records-centralized/components/DiscreteSlider.tsx"
"DiscreteSliderCode.tsx",2,"./components/forms/form-elements/slider/code/DiscreteSliderCode.tsx | ./features/records-centralized/components/DiscreteSliderCode.tsx"
"DropzoneFormInput.tsx",2,"./@om/components/ui/forms/DropzoneFormInput.tsx | ./features/records-centralized/components/forms/DropzoneFormInput.tsx"
"DynamicMenuContext.tsx",2,"./context/DynamicMenuContext.tsx | ./shared/lib/DynamicMenuContext.tsx"
"DynamicRecordForm.tsx",2,"./features/records-centralized/components/forms/DynamicRecordForm.tsx | ./features/records-centralized/components/records/DynamicRecordForm.tsx"
"Ecommerce.tsx",3,"./features/admin/dashboard/Ecommerce.tsx | ./features/apps/eCommerce/Ecommerce.tsx | ./features/dashboard/Ecommerce.tsx"
"EditChurchModal.tsx",2,"./features/admin/admin/EditChurchModal.tsx | ./features/church/ChurchManagement/EditChurchModal.tsx"
"EmailContent.tsx",2,"./components/apps/email/EmailContent.tsx | ./features/cms/apps/email/EmailContent.tsx"
"EmailSettingsForm.tsx",2,"./features/admin/admin/EmailSettingsForm.tsx | ./features/devel-tools/om-tasks/components/EmailSettingsForm.tsx"
"Error.tsx",2,"./features/auth/authentication/Error.tsx | ./features/authentication/Error.tsx"
"EventData.ts",2,"./features/apps/calendar/EventData.ts | ./features/records-centralized/components/records/EventData.ts"
"Expence.tsx",2,"./components/dashboards/ecommerce/Expence.tsx | ./features/admin/dashboards/ecommerce/Expence.tsx"
"ExportActions.tsx",3,"./components/dashboards/orthodoxmetrics/ExportActions.tsx | ./features/admin/dashboards/orthodoxmetrics/ExportActions.tsx | ./features/dashboards/orthodoxmetrics/ExportActions.tsx"
"FABCode.tsx",2,"./components/forms/form-elements/button/code/FABCode.tsx | ./features/records-centralized/components/FABCode.tsx"
"FABColorCode.tsx",2,"./components/forms/form-elements/button/code/FABColorCode.tsx | ./features/records-centralized/components/FABColorCode.tsx"
"FABSizeCode.tsx",2,"./components/forms/form-elements/button/code/FABSizeCode.tsx | ./features/records-centralized/components/FABSizeCode.tsx"
"FVLogin.tsx",2,"./components/forms/form-validation/FVLogin.tsx | ./features/auth/forms/form-validation/FVLogin.tsx"
"FVOnLeave.tsx",2,"./components/forms/form-validation/FVOnLeave.tsx | ./features/records-centralized/components/FVOnLeave.tsx"
"FVRegister.tsx",2,"./components/forms/form-validation/FVRegister.tsx | ./features/auth/forms/form-validation/FVRegister.tsx"
"FbBasicHeaderForm.tsx",2,"./components/forms/form-layouts/FbBasicHeaderForm.tsx | ./features/records-centralized/components/forms/FbBasicHeaderForm.tsx"
"FbDefaultForm.tsx",2,"./components/forms/form-layouts/FbDefaultForm.tsx | ./features/records-centralized/components/forms/FbDefaultForm.tsx"
"FbDisabledForm.tsx",2,"./components/forms/form-layouts/FbDisabledForm.tsx | ./features/records-centralized/components/forms/FbDisabledForm.tsx"
"FbLeftIconForm.tsx",2,"./components/forms/form-layouts/FbLeftIconForm.tsx | ./features/records-centralized/components/forms/FbLeftIconForm.tsx"
"FbOrdinaryForm.tsx",2,"./components/forms/form-layouts/FbOrdinaryForm.tsx | ./features/records-centralized/components/forms/FbOrdinaryForm.tsx"
"FbReadonlyForm.tsx",2,"./components/forms/form-layouts/FbReadonlyForm.tsx | ./features/records-centralized/components/forms/FbReadonlyForm.tsx"
"FbRightIconForm.tsx",2,"./components/forms/form-layouts/FbRightIconForm.tsx | ./features/records-centralized/components/forms/FbRightIconForm.tsx"
"FieldRenderer.tsx",2,"./components/FieldRenderer/FieldRenderer.tsx | ./features/FieldRenderer/FieldRenderer.tsx"
"ForgotPassword.tsx",2,"./features/auth/authentication/auth1/ForgotPassword.tsx | ./features/authentication/auth1/ForgotPassword.tsx"
"ForgotPassword2.tsx",2,"./features/auth/authentication/auth2/ForgotPassword2.tsx | ./features/authentication/auth2/ForgotPassword2.tsx"
"FormCustom.tsx",2,"./features/forms/FormCustom.tsx | ./features/records-centralized/components/forms/FormCustom.tsx"
"FormCustomCode.tsx",2,"./components/forms/form-custom/code/FormCustomCode.tsx | ./features/records-centralized/components/forms/FormCustomCode.tsx"
"FormHorizontal.tsx",2,"./features/forms/FormHorizontal.tsx | ./features/records-centralized/components/forms/FormHorizontal.tsx"
"FormLabelAlignment.tsx",2,"./components/forms/form-horizontal/FormLabelAlignment.tsx | ./features/records-centralized/components/forms/FormLabelAlignment.tsx"
"FormLayouts.tsx",2,"./features/forms/FormLayouts.tsx | ./features/records-centralized/components/forms/FormLayouts.tsx"
"FormSeparator.tsx",3,"./components/forms/form-horizontal/FormSeparator.tsx | ./components/forms/form-vertical/FormSeparator.tsx | ./features/records-centralized/components/forms/FormSeparator.tsx"
"FormTabs.tsx",3,"./components/forms/form-horizontal/FormTabs.tsx | ./components/forms/form-vertical/FormTabs.tsx | ./features/records-centralized/components/forms/FormTabs.tsx"
"FormValidation.tsx",2,"./features/forms/FormValidation.tsx | ./features/records-centralized/components/forms/FormValidation.tsx"
"FormVertical.tsx",2,"./features/forms/FormVertical.tsx | ./features/records-centralized/components/forms/FormVertical.tsx"
"FreeSoloAutocomplete.tsx",2,"./components/forms/form-elements/autoComplete/FreeSoloAutocomplete.tsx | ./features/records-centralized/components/FreeSoloAutocomplete.tsx"
"FreeSoloCode.tsx",2,"./components/forms/form-elements/autoComplete/code/FreeSoloCode.tsx | ./features/records-centralized/components/FreeSoloCode.tsx"
"FriendsList.tsx",2,"./components/apps/chat/FriendsList.tsx | ./features/social/friends/FriendsList.tsx"
"Gallery.tsx",2,"./features/apps/user-profile/Gallery.tsx | ./features/devel-tools/om-gallery/Gallery.tsx"
"GeneralCard.tsx",2,"./components/apps/ecommerce/productAdd/GeneralCard.tsx | ./components/apps/ecommerce/productEdit/GeneralCard.tsx"
"Grid2.tsx",2,"./components/compat/Grid2.tsx | ./mui/Grid2.tsx"
"Growth.tsx",2,"./components/dashboards/ecommerce/Growth.tsx | ./features/admin/dashboards/ecommerce/Growth.tsx"
"Header.tsx",3,"./features/pages/frontend-pages/Header.tsx | ./layouts/full/horizontal/header/Header.tsx | ./layouts/full/vertical/header/Header.tsx"
"IconColorCode.tsx",2,"./components/forms/form-elements/button/code/IconColorCode.tsx | ./features/records-centralized/components/IconColorCode.tsx"
"IconSizesCode.tsx",2,"./components/forms/form-elements/button/code/IconSizesCode.tsx | ./features/records-centralized/components/IconSizesCode.tsx"
"ImportRecordsButton.tsx",2,"./components/ImportRecordsButton.tsx | ./features/records-centralized/components/records/ImportRecordsButton.tsx"
"ImportRecordsButtonSimple.tsx",3,"./components/ImportRecordsButtonSimple.tsx | ./features/ImportRecordsButtonSimple.tsx | ./features/records-centralized/components/records/ImportRecordsButtonSimple.tsx"
"ImportRecordsButtonV2.tsx",2,"./components/ImportRecordsButtonV2.tsx | ./features/records-centralized/components/records/ImportRecordsButtonV2.tsx"
"Login.tsx",2,"./features/auth/authentication/auth1/Login.tsx | ./features/authentication/auth1/Login.tsx"
"Login2.tsx",2,"./features/auth/authentication/auth2/Login2.tsx | ./features/authentication/auth2/Login2.tsx"
"Maintenance.tsx",2,"./features/auth/authentication/Maintenance.tsx | ./features/authentication/Maintenance.tsx"
"MenuManagement.tsx",2,"./features/admin/admin/MenuManagement.tsx | ./features/admin/admin/tabs/MenuManagement.tsx"
"MenuVisibilityContext.tsx",2,"./context/MenuVisibilityContext.tsx | ./shared/lib/MenuVisibilityContext.tsx"
"Menudata.ts",2,"./features/records-centralized/components/records/Menudata.ts | ./layouts/full/horizontal/navbar/Menudata.ts"
"MonthlyEarnings.tsx",3,"./components/dashboards/ecommerce/MonthlyEarnings.tsx | ./features/admin/dashboards/ecommerce/MonthlyEarnings.tsx | ./features/admin/dashboards/modern/MonthlyEarnings.tsx"
"MuiAutoComplete.tsx",2,"./features/forms/form-elements/MuiAutoComplete.tsx | ./features/records-centralized/components/MuiAutoComplete.tsx"
"MuiSlider.tsx",2,"./features/forms/form-elements/MuiSlider.tsx | ./features/records-centralized/components/MuiSlider.tsx"
"MultipleValuesAutocomplete.tsx",2,"./components/forms/form-elements/autoComplete/MultipleValuesAutocomplete.tsx | ./features/records-centralized/components/MultipleValuesAutocomplete.tsx"
"MultipleValuesCode.tsx",2,"./components/forms/form-elements/autoComplete/code/MultipleValuesCode.tsx | ./features/records-centralized/components/MultipleValuesCode.tsx"
"NavGroup.tsx",2,"./NavGroup/NavGroup.tsx | ./layouts/full/vertical/sidebar/NavGroup/NavGroup.tsx"
"Navigation.tsx",2,"./layouts/full/horizontal/navbar/Navigation.tsx | ./layouts/full/vertical/header/Navigation.tsx"
"NoteContent.tsx",2,"./components/apps/notes/NoteContent.tsx | ./features/cms/apps/notes/NoteContent.tsx"
"OnLeaveCode.tsx",2,"./components/forms/form-validation/code/OnLeaveCode.tsx | ./features/records-centralized/components/OnLeaveCode.tsx"
"OrthodoxBanner.tsx",3,"./components/OrthodoxBanner/OrthodoxBanner.tsx | ./components/shared/OrthodoxBanner.tsx | ./shared/ui/OrthodoxBanner.tsx"
"Page.tsx",2,"./features/devel-tools/ChurchToolsPreview/Page.tsx | ./features/devel-tools/PerfDiagnostics/Page.tsx"
"PageContainer.tsx",2,"./components/container/PageContainer.tsx | ./shared/ui/PageContainer.tsx"
"PageEditor.tsx",2,"./features/admin/admin/tools/PageEditor.tsx | ./features/cms/apps/cms/PageEditor.tsx"
"PasswordFormInput.tsx",2,"./@om/components/ui/forms/PasswordFormInput.tsx | ./features/records-centralized/components/forms/PasswordFormInput.tsx"
"PaymentGateways.tsx",2,"./components/dashboards/ecommerce/PaymentGateways.tsx | ./features/admin/dashboards/ecommerce/PaymentGateways.tsx"
"Position.tsx",4,"./components/forms/form-elements/checkbox/Position.tsx | ./components/forms/form-elements/radio/Position.tsx | ./components/forms/form-elements/switch/Position.tsx | ./features/records-centralized/components/Position.tsx"
"Pricing.tsx",3,"./components/apps/ecommerce/productAdd/Pricing.tsx | ./components/apps/ecommerce/productEdit/Pricing.tsx | ./features/pages/frontend-pages/Pricing.tsx"
"ProductDetails.tsx",2,"./components/apps/ecommerce/productAdd/ProductDetails.tsx | ./components/apps/ecommerce/productEdit/ProductDetails.tsx"
"ProductPerformances.tsx",3,"./components/dashboards/ecommerce/ProductPerformances.tsx | ./features/admin/dashboards/ecommerce/ProductPerformances.tsx | ./features/records-centralized/components/forms/ProductPerformances.tsx"
"ProductTemplate.tsx",2,"./components/apps/ecommerce/productAdd/ProductTemplate.tsx | ./components/apps/ecommerce/productEdit/ProductTemplate.tsx"
"ProductsData.ts",2,"./eCommerce/ProductsData.ts | ./features/records-centralized/components/records/ProductsData.ts"
"Profile.tsx",2,"./layouts/full/vertical/header/Profile.tsx | ./layouts/full/vertical/sidebar/SidebarProfile/Profile.tsx"
"Projects.tsx",2,"./components/dashboards/modern/Projects.tsx | ./features/admin/dashboards/modern/Projects.tsx"
"ProtectedRoute.tsx",2,"./components/auth/ProtectedRoute.tsx | ./features/auth/auth/ProtectedRoute.tsx"
"README.md",3,"./features/devel-tools/refactor-console/README.md | ./features/devel-tools/system-documentation/om-library/README.md | ./features/devel-tools/system-documentation/om-spec/README.md"
"RangeDefault.tsx",2,"./components/forms/form-elements/slider/RangeDefault.tsx | ./features/records-centralized/components/RangeDefault.tsx"
"RangeSlider.tsx",2,"./components/forms/form-elements/slider/RangeSlider.tsx | ./features/records-centralized/components/RangeSlider.tsx"
"RangesliderCode.tsx",2,"./components/forms/form-elements/slider/code/RangesliderCode.tsx | ./features/records-centralized/components/RangesliderCode.tsx"
"RecentTransactions.tsx",2,"./components/dashboards/ecommerce/RecentTransactions.tsx | ./features/admin/dashboards/ecommerce/RecentTransactions.tsx"
"RecordCard.tsx",2,"./components/apps/records/recordGrid/RecordCard.tsx | ./features/records-centralized/components/records/RecordCard.tsx"
"RecordFilter.tsx",2,"./components/apps/records/recordGrid/RecordFilter.tsx | ./features/records-centralized/components/records/RecordFilter.tsx"
"RecordGenerator.tsx",2,"./components/RecordGenerator.tsx | ./features/records-centralized/components/records/RecordGenerator.tsx"
"RecordList.tsx",2,"./components/apps/records/recordGrid/RecordList.tsx | ./features/records-centralized/components/records/RecordList.tsx"
"RecordPreviewPane.tsx",2,"./components/RecordPreviewPane/RecordPreviewPane.tsx | ./features/records-centralized/components/records/RecordPreviewPane.tsx"
"RecordSearch.tsx",2,"./components/apps/records/recordGrid/RecordSearch.tsx | ./features/records-centralized/components/records/RecordSearch.tsx"
"RecordSidebar.tsx",2,"./components/apps/records/recordGrid/RecordSidebar.tsx | ./features/records-centralized/components/records/RecordSidebar.tsx"
"RecordsContext.tsx",2,"./context/RecordsContext.tsx | ./features/records-centralized/components/records/RecordsContext.tsx"
"RecordsModal.tsx",2,"./features/records-centralized/components/records/RecordsModal.tsx | ./ui/components/base/RecordsModal.tsx"
"RecordsPageWrapper.tsx",2,"./features/records-centralized/components/records/RecordsPageWrapper.tsx | ./features/records/apps/church-management/RecordsPageWrapper.tsx"
"RecordsSearch.tsx",2,"./features/records-centralized/components/records/RecordsSearch.tsx | ./ui/components/base/RecordsSearch.tsx"
"RecordsTypes.ts",2,"./core/types/RecordsTypes.ts | ./features/records-centralized/components/records/RecordsTypes.ts"
"Register.tsx",2,"./features/auth/authentication/auth1/Register.tsx | ./features/authentication/auth1/Register.tsx"
"Register2.tsx",2,"./features/auth/authentication/auth2/Register2.tsx | ./features/authentication/auth2/Register2.tsx"
"RevenueUpdates.tsx",3,"./components/dashboards/ecommerce/RevenueUpdates.tsx | ./features/admin/dashboards/ecommerce/RevenueUpdates.tsx | ./features/admin/dashboards/modern/RevenueUpdates.tsx"
"RoleManagement.tsx",2,"./features/admin/admin/RoleManagement.tsx | ./features/admin/admin/tabs/RoleManagement.tsx"
"SacramentsStats.tsx",3,"./components/dashboards/orthodoxmetrics/SacramentsStats.tsx | ./features/admin/dashboards/orthodoxmetrics/SacramentsStats.tsx | ./features/dashboards/orthodoxmetrics/SacramentsStats.tsx"
"Sales.tsx",2,"./components/dashboards/ecommerce/Sales.tsx | ./features/admin/dashboards/ecommerce/Sales.tsx"
"SalesOverview.tsx",2,"./components/dashboards/ecommerce/SalesOverview.tsx | ./features/admin/dashboards/ecommerce/SalesOverview.tsx"
"SalesTwo.tsx",2,"./components/dashboards/ecommerce/SalesTwo.tsx | ./features/admin/dashboards/ecommerce/SalesTwo.tsx"
"SelectFormInput.tsx",2,"./@om/components/ui/forms/SelectFormInput.tsx | ./features/records-centralized/components/forms/SelectFormInput.tsx"
"SessionManagement.tsx",2,"./features/auth/admin/SessionManagement.tsx | ./features/auth/admin/tabs/SessionManagement.tsx"
"Sizes.tsx",4,"./components/forms/form-elements/checkbox/Sizes.tsx | ./components/forms/form-elements/radio/Sizes.tsx | ./components/forms/form-elements/switch/Sizes.tsx | ./features/records-centralized/components/Sizes.tsx"
"SizesAutocomplete.tsx",2,"./components/forms/form-elements/autoComplete/SizesAutocomplete.tsx | ./features/records-centralized/components/SizesAutocomplete.tsx"
"SizesCode.tsx",2,"./components/forms/form-elements/autoComplete/code/SizesCode.tsx | ./components/forms/form-elements/button/code/SizesCode.tsx"
"SliderData.ts",2,"./components/apps/ecommerce/productDetail/SliderData.ts | ./features/records-centralized/components/records/SliderData.ts"
"Status.tsx",2,"./components/apps/ecommerce/productAdd/Status.tsx | ./components/apps/ecommerce/productEdit/Status.tsx"
"SystemMetadataSection.tsx",2,"./features/church/ChurchManagement/FormSections/SystemMetadataSection.tsx | ./features/records-centralized/components/records/SystemMetadataSection.tsx"
"SystemNotifications.tsx",3,"./components/dashboards/orthodoxmetrics/SystemNotifications.tsx | ./features/admin/dashboards/orthodoxmetrics/SystemNotifications.tsx | ./features/dashboards/orthodoxmetrics/SystemNotifications.tsx"
"TableControlPanel.tsx",2,"./components/TableControlPanel.tsx | ./features/TableControlPanel.tsx"
"TaskData.tsx",2,"./components/apps/kanban/TaskData.tsx | ./features/records-centralized/components/records/TaskData.tsx"
"TemperatureRangeCode.tsx",2,"./components/forms/form-elements/slider/code/TemperatureRangeCode.tsx | ./features/records-centralized/components/TemperatureRangeCode.tsx"
"TextAreaFormInput.tsx",2,"./@om/components/ui/forms/TextAreaFormInput.tsx | ./features/records-centralized/components/forms/TextAreaFormInput.tsx"
"TextFormInput.tsx",2,"./@om/components/ui/forms/TextFormInput.tsx | ./features/records-centralized/components/forms/TextFormInput.tsx"
"ThemeContext.tsx",2,"./context/ThemeContext.tsx | ./features/records-centralized/context/ThemeContext.tsx"
"ThemeCustomizer.tsx",2,"./@om/components/ui/theme/ThemeCustomizer.tsx | ./components/Theme/ThemeCustomizer.tsx"
"ThemedLayout.tsx",3,"./components/Theme/ThemedLayout.tsx | ./features/Theme/ThemedLayout.tsx | ./features/records-centralized/components/Theme/ThemedLayout.tsx"
"Thumbnail.tsx",2,"./components/apps/ecommerce/productAdd/Thumbnail.tsx | ./components/apps/ecommerce/productEdit/Thumbnail.tsx"
"TiptapEdit.tsx",2,"./features/forms/from-tiptap/TiptapEdit.tsx | ./features/records-centralized/components/TiptapEdit.tsx"
"TiptapEditor.tsx",2,"./features/forms/from-tiptap/TiptapEditor.tsx | ./features/records-centralized/components/TiptapEditor.tsx"
"TopCards.tsx",2,"./components/dashboards/modern/TopCards.tsx | ./features/admin/dashboards/modern/TopCards.tsx"
"TopChurches.tsx",3,"./components/dashboards/orthodoxmetrics/TopChurches.tsx | ./features/admin/dashboards/orthodoxmetrics/TopChurches.tsx | ./features/dashboards/orthodoxmetrics/TopChurches.tsx"
"TopPerformerData.ts",3,"./components/dashboards/modern/TopPerformerData.ts | ./features/admin/dashboards/modern/TopPerformerData.ts | ./features/records-centralized/components/forms/TopPerformerData.ts"
"TwoSteps.tsx",2,"./features/auth/authentication/auth1/TwoSteps.tsx | ./features/authentication/auth1/TwoSteps.tsx"
"TwoSteps2.tsx",2,"./features/auth/authentication/auth2/TwoSteps2.tsx | ./features/authentication/auth2/TwoSteps2.tsx"
"UserFormModal.tsx",3,"./@om/components/features/auth/UserFormModal.tsx | ./components/UserFormModal.tsx | ./features/records-centralized/components/forms/UserFormModal.tsx"
"VRTSettingsPanel.tsx",2,"./components/VRTSettingsPanel.tsx | ./features/devel-tools/demos/VRTSettingsPanel.tsx"
"VariationCard.tsx",2,"./components/apps/ecommerce/productAdd/VariationCard.tsx | ./components/apps/ecommerce/productEdit/VariationCard.tsx"
"VolumeSlider.tsx",2,"./components/forms/form-elements/slider/VolumeSlider.tsx | ./features/records-centralized/components/VolumeSlider.tsx"
"VolumesliderCode.tsx",2,"./components/forms/form-elements/slider/code/VolumesliderCode.tsx | ./features/records-centralized/components/VolumesliderCode.tsx"
"WeeklyStats.tsx",2,"./components/dashboards/modern/WeeklyStats.tsx | ./features/admin/dashboards/modern/WeeklyStats.tsx"
"WelcomeCard.tsx",2,"./components/dashboards/ecommerce/WelcomeCard.tsx | ./features/admin/dashboards/ecommerce/WelcomeCard.tsx"
"YearlyBreakup.tsx",2,"./components/dashboards/modern/YearlyBreakup.tsx | ./features/admin/dashboards/modern/YearlyBreakup.tsx"
"YearlySales.tsx",2,"./components/dashboards/ecommerce/YearlySales.tsx | ./features/admin/dashboards/ecommerce/YearlySales.tsx"
"account.ts",2,"./account.ts | ./api/account.ts"
"admin.api.ts",2,"./admin.api.ts | ./api/admin.api.ts"
"api.ts",2,"./features/devel-tools/RouterMenuStudio/api.ts | ./features/records-centralized/components/api.ts"
"ar.json",2,"./shared/lib/languages/ar.json | ./utils/languages/ar.json"
"arrayUtils.ts",2,"./shared/lib/arrayUtils.ts | ./utils/arrayUtils.ts"
"auth.ts",3,"./shared/lib/auth.ts | ./shared/lib/auth/auth.ts | ./types/auth/auth.ts"
"authErrorHandler.ts",2,"./shared/lib/authErrorHandler.ts | ./utils/authErrorHandler.ts"
"axiosInstance.ts",2,"./api/utils/axiosInstance.ts | ./shared/lib/axiosInstance.ts"
"axiosInterceptor.ts",2,"./shared/lib/axiosInterceptor.ts | ./utils/axiosInterceptor.ts"
"blog.ts",2,"./shared/lib/apps/blog.ts | ./types/apps/blog.ts"
"ch.json",2,"./shared/lib/languages/ch.json | ./utils/languages/ch.json"
"chat.ts",2,"./shared/lib/apps/chat.ts | ./types/apps/chat.ts"
"church-records-advanced.types.ts",2,"./features/records-centralized/components/records/church-records-advanced.types.ts | ./types/church-records-advanced.types.ts"
"church-records.api.ts",2,"./api/church-records.api.ts | ./features/records-centralized/components/records/church-records.api.ts"
"church-records.hooks.ts",2,"./api/church-records.hooks.ts | ./features/records-centralized/components/records/church-records.hooks.ts"
"church-records.types.ts",2,"./features/records-centralized/components/records/church-records.types.ts | ./types/church-records.types.ts"
"churchService.ts",2,"./features/records-centralized/services/churchService.ts | ./shared/lib/churchService.ts"
"client.ts",2,"./features/records-centralized/components/client.ts | ./sandbox/field-mapper/api/client.ts"
"componentScanner.ts",2,"./shared/lib/componentScanner.ts | ./utils/componentScanner.ts"
"config.ts",2,"./ai/git/config.ts | ./context/config.ts"
"constants.ts",2,"./constants.ts | ./features/records-centralized/components/constants.ts"
"contact.ts",2,"./shared/lib/apps/contact.ts | ./types/apps/contact.ts"
"countrydata.tsx",2,"./components/forms/form-elements/autoComplete/countrydata.tsx | ./features/records-centralized/components/records/countrydata.tsx"
"data.ts",3,"./components/forms/form-elements/autoComplete/data.ts | ./features/records-centralized/components/records/data.ts | ./layouts/full/vertical/header/data.ts"
"default.jpg",2,"./assets/images/orthodox/avatars/default.jpg | ./assets/images/orthodox/banners/default.jpg"
"default.svg",2,"./assets/images/orthodox/avatars/default.svg | ./assets/images/orthodox/banners/default.svg"
"devLogger.ts",3,"./features/records-centralized/utils/devLogger.ts | ./shared/lib/devLogger.ts | ./utils/devLogger.ts"
"dynamicRecordsApi.ts",2,"./features/records-centralized/components/records/dynamicRecordsApi.ts | ./shared/lib/dynamicRecordsApi.ts"
"eCommerce.ts",2,"./shared/lib/apps/eCommerce.ts | ./types/apps/eCommerce.ts"
"email.ts",2,"./shared/lib/apps/email.ts | ./types/apps/email.ts"
"en.json",2,"./shared/lib/languages/en.json | ./utils/languages/en.json"
"endpoints.ts",3,"./features/account/api/endpoints.ts | ./features/records-centralized/components/endpoints.ts | ./sandbox/field-mapper/api/endpoints.ts"
"formatTimestamp.ts",3,"./features/records-centralized/components/forms/formatTimestamp.ts | ./shared/lib/formatTimestamp.ts | ./utils/formatTimestamp.ts"
"fr.json",2,"./shared/lib/languages/fr.json | ./utils/languages/fr.json"
"generateDummyRecords.ts",3,"./features/records-centralized/components/records/generateDummyRecords.ts | ./shared/lib/generateDummyRecords.ts | ./utils/generateDummyRecords.ts"
"history.ts",2,"./app/api/chat-ai/chat-history/history.ts | ./features/devel-tools/live-table-builder/utils/history.ts"
"i18n.ts",2,"./shared/lib/i18n.ts | ./utils/i18n.ts"
"icon-paypal.svg",2,"./assets/images/frontend-pages/payments/icon-paypal.svg | ./assets/images/svgs/icon-paypal.svg"
"icon.ts",2,"./shared/lib/apps/icon.ts | ./types/apps/icon.ts"
"index.ts",39,"./@om/components/features/auth/index.ts | ./@om/components/features/index.ts | ./@om/components/index.ts | ./@om/components/ui/forms/index.ts | ./@om/components/ui/index.ts | ./@om/components/ui/theme/index.ts | ./NavItem/index.ts | ./components/AGGridViewOnly/index.ts | ./components/ColorPickerPopover/index.ts | ./components/ErrorBoundary/index.ts | ./components/FieldRenderer/index.ts | ./components/RecordPreviewPane/index.ts | ./components/calendar/index.ts | ./core/index.ts | ./features/devel-tools/RouterMenuStudio/index.ts | ./features/devel-tools/button-showcase/index.ts | ./features/devel-tools/om-gallery/index.ts | ./features/devel-tools/om-ocr/components/index.ts | ./features/devel-tools/om-ocr/index.ts | ./features/devel-tools/om-ultimatelogger/index.ts | ./features/devel-tools/omtrace/index.ts | ./features/devel-tools/system-documentation/om-library/index.ts | ./features/devel-tools/system-documentation/om-spec/index.ts | ./features/forms/index.ts | ./features/records-centralized/components/baptism/index.ts | ./features/records-centralized/components/census/index.ts | ./features/records-centralized/components/communion/index.ts | ./features/records-centralized/components/confirmation/index.ts | ./features/records-centralized/components/death/index.ts | ./features/records-centralized/components/dynamic/index.ts | ./features/records-centralized/components/entries/index.ts | ./features/records-centralized/components/forms/index.ts | ./features/records-centralized/components/index.ts | ./features/records-centralized/components/marriage/index.ts | ./features/records-centralized/components/members/index.ts | ./features/records-centralized/components/records/index.ts | ./features/records-centralized/constants/index.ts | ./features/records-centralized/index.ts | ./ui/components/index.ts"
"index.tsx",45,"./NavCollapse/index.tsx | ./components/apps/chat-ai/index.tsx | ./components/apps/image-ai/index.tsx | ./components/apps/invoice/Add-invoice/index.tsx | ./components/apps/invoice/Edit-invoice/index.tsx | ./components/apps/invoice/Invoice-detail/index.tsx | ./components/apps/invoice/Invoice-list/index.tsx | ./components/apps/invoice/Invoice-view/index.tsx | ./components/forms/form-layouts/index.tsx | ./components/frontend-pages/about/banner/index.tsx | ./components/frontend-pages/about/process/index.tsx | ./components/frontend-pages/blog/banner/index.tsx | ./components/frontend-pages/contact/banner/index.tsx | ./components/frontend-pages/contact/form/index.tsx | ./components/frontend-pages/homepage/defend-focus/index.tsx | ./components/frontend-pages/homepage/exceptional-feature/index.tsx | ./components/frontend-pages/homepage/faq/index.tsx | ./components/frontend-pages/homepage/powerful-dozens/index.tsx | ./components/frontend-pages/shared/c2a/index.tsx | ./components/frontend-pages/shared/footer/index.tsx | ./components/frontend-pages/shared/leadership/index.tsx | ./components/frontend-pages/shared/pricing/index.tsx | ./components/frontend-pages/shared/reviews/index.tsx | ./components/frontend-pages/shared/scroll-to-top/index.tsx | ./context/BlogContext/index.tsx | ./context/ChatContext/index.tsx | ./context/ConatactContext/index.tsx | ./context/EcommerceContext/index.tsx | ./context/EmailContext/index.tsx | ./context/InvoiceContext/index.tsx | ./context/NotesContext/index.tsx | ./context/OCRContext/index.tsx | ./context/TicketContext/index.tsx | ./context/UserDataContext/index.tsx | ./context/kanbancontext/index.tsx | ./features/records-centralized/components/AdvancedGridDialog/index.tsx | ./features/records-centralized/components/ColorPaletteSelector/index.tsx | ./features/records-centralized/components/ColorPickerPopover/index.tsx | ./features/records-centralized/components/FieldRenderer/index.tsx | ./features/records-centralized/components/RecordPreviewPane/index.tsx | ./features/records-centralized/components/TableControlPanel/index.tsx | ./features/records-centralized/components/index.tsx | ./features/records/apps/records-ui/index.tsx | ./layouts/full/vertical/sidebar/NavCollapse/index.tsx | ./layouts/full/vertical/sidebar/NavItem/index.tsx"
"invoice.ts",2,"./shared/lib/apps/invoice.ts | ./types/apps/invoice.ts"
"kanban.ts",2,"./shared/lib/apps/kanban.ts | ./types/apps/kanban.ts"
"logNormalization.ts",2,"./shared/lib/logNormalization.ts | ./utils/logNormalization.ts"
"logger.ts",2,"./shared/lib/logger.ts | ./utils/logger.ts"
"mockData.ts",2,"./features/devel-tools/om-ultimatelogger/mockData.ts | ./features/records-centralized/components/records/mockData.ts"
"notes.ts",2,"./shared/lib/apps/notes.ts | ./types/apps/notes.ts"
"ocrSetupNotifications.ts",2,"./features/devel-tools/om-ocr/services/ocrSetupNotifications.ts | ./services/ocrSetupNotifications.ts"
"orthodoxRoutesData.ts",2,"./data/orthodoxRoutesData.ts | ./features/records-centralized/components/records/orthodoxRoutesData.ts"
"page.tsx",12,"./features/tables/react-tables/basic/page.tsx | ./features/tables/react-tables/columnvisibility/page.tsx | ./features/tables/react-tables/dense/page.tsx | ./features/tables/react-tables/drag-drop/page.tsx | ./features/tables/react-tables/editable/page.tsx | ./features/tables/react-tables/empty/page.tsx | ./features/tables/react-tables/expanding/page.tsx | ./features/tables/react-tables/filtering/page.tsx | ./features/tables/react-tables/pagination/page.tsx | ./features/tables/react-tables/row-selection/page.tsx | ./features/tables/react-tables/sorting/page.tsx | ./features/tables/react-tables/sticky/page.tsx"
"queries.ts",2,"./features/records-centralized/components/queries.ts | ./sandbox/field-mapper/api/queries.ts"
"roles.ts",2,"./shared/lib/roles.ts | ./utils/roles.ts"
"route.ts",3,"./app/api/chat-ai/chat-history/route.ts | ./app/api/chat-ai/route.ts | ./app/api/image-ai/route.ts"
"schemas.ts",2,"./features/records-centralized/components/schemas.ts | ./sandbox/field-mapper/api/schemas.ts"
"sidebar.ts",2,"./shared/lib/layout/sidebar.ts | ./types/layout/sidebar.ts"
"tableData.ts",2,"./components/tables/tableData.ts | ./features/records-centralized/components/records/tableData.ts"
"testAuthFix.ts",2,"./shared/lib/testAuthFix.ts | ./utils/testAuthFix.ts"
"thumbnailGenerator.ts",2,"./shared/lib/thumbnailGenerator.ts | ./utils/thumbnailGenerator.ts"
"ticket.ts",2,"./shared/lib/apps/ticket.ts | ./types/apps/ticket.ts"
"types.ts",3,"./features/devel-tools/live-table-builder/types.ts | ./features/devel-tools/om-ultimatelogger/types.ts | ./features/devel-tools/omtrace/types.ts"
"useCalendarData.ts",2,"./features/records-centralized/components/records/useCalendarData.ts | ./shared/lib/useCalendarData.ts"
"useClientManagement.ts",2,"./hooks/useClientManagement.ts | ./shared/lib/useClientManagement.ts"
"useComponentRegistry.ts",2,"./hooks/useComponentRegistry.ts | ./shared/lib/useComponentRegistry.ts"
"useDynamicMenuPermissions.ts",2,"./hooks/useDynamicMenuPermissions.ts | ./shared/lib/useDynamicMenuPermissions.ts"
"useFilteredMenuItems.ts",2,"./hooks/useFilteredMenuItems.ts | ./shared/lib/useFilteredMenuItems.ts"
"useGlobalErrorStore.tsx",2,"./hooks/useGlobalErrorStore.tsx | ./shared/lib/useGlobalErrorStore.tsx"
"useInspectorState.ts",2,"./hooks/useInspectorState.ts | ./shared/lib/useInspectorState.ts"
"useLiturgicalCalendar.ts",2,"./hooks/useLiturgicalCalendar.ts | ./shared/lib/useLiturgicalCalendar.ts"
"useLogFilter.ts",2,"./hooks/useLogFilter.ts | ./shared/lib/useLogFilter.ts"
"useLogStats.ts",2,"./hooks/useLogStats.ts | ./shared/lib/useLogStats.ts"
"useLogStream.ts",2,"./hooks/useLogStream.ts | ./shared/lib/useLogStream.ts"
"useOcrJobs.ts",3,"./features/devel-tools/om-ocr/hooks/useOcrJobs.ts | ./hooks/useOcrJobs.ts | ./shared/lib/useOcrJobs.ts"
"useOcrSettings.ts",2,"./hooks/useOcrSettings.ts | ./shared/lib/useOcrSettings.ts"
"useOcrTests.ts",2,"./hooks/useOcrTests.ts | ./shared/lib/useOcrTests.ts"
"useOrthodoxCalendar.ts",2,"./hooks/useOrthodoxCalendar.ts | ./shared/lib/useOrthodoxCalendar.ts"
"useProfileSync.ts",3,"./hooks/useProfileSync.ts | ./lib/useProfileSync.ts | ./shared/lib/useProfileSync.ts"
"userProfile.ts",2,"./shared/lib/apps/userProfile.ts | ./types/apps/userProfile.ts"
"users.ts",2,"./shared/lib/apps/users.ts | ./types/apps/users.ts"
